{"cameraMode":{"drawMode":0,"name":"Shaded","section":"Shading Mode"},"sceneLighting":false,"audioPlay":false,"sceneViewState":{"m_AlwaysRefresh":false,"showFog":true,"showSkybox":false,"showFlares":true,"showImageEffects":true,"showParticleSystems":true,"showVisualEffectGraphs":true,"m_FxEnabled":true},"in2DMode":false,"pivot":{"x":0.0922379419207573,"y":0.25223657488822939,"z":0.15673701465129853},"rotation":{"x":-0.23817355930805207,"y":0.7577029466629028,"z":-0.3818569779396057,"w":-0.47262001037597659},"size":0.525041937828064,"orthographic":false}