{"cameraMode":{"drawMode":0,"name":"Shaded","section":"Shading Mode"},"sceneLighting":false,"audioPlay":false,"sceneViewState":{"m_AlwaysRefresh":false,"showFog":true,"showSkybox":false,"showFlares":true,"showImageEffects":true,"showParticleSystems":true,"showVisualEffectGraphs":true,"m_FxEnabled":true},"in2DMode":false,"pivot":{"x":299.6092224121094,"y":951.8626098632813,"z":0.8918567895889282},"rotation":{"x":0.013174918480217457,"y":-0.8304943442344666,"z":-0.019687846302986146,"w":-0.5565349459648132},"size":1.2247449159622193,"orthographic":false}