{"cameraMode":{"drawMode":0,"name":"Shaded","section":"Shading Mode"},"sceneLighting":false,"audioPlay":false,"sceneViewState":{"m_AlwaysRefresh":false,"showFog":true,"showSkybox":false,"showFlares":true,"showImageEffects":true,"showParticleSystems":true,"showVisualEffectGraphs":true,"m_FxEnabled":true},"in2DMode":false,"pivot":{"x":-1.6354234218597413,"y":2.3676528930664064,"z":-0.17372268438339234},"rotation":{"x":0.19892007112503053,"y":-0.44356101751327517,"z":0.10171904414892197,"w":0.8680037260055542},"size":0.2743086814880371,"orthographic":false}